"","GEOID","NAME","variable","estimate","moe"
"1","27053000101","Census Tract 1.01; Hennepin County; Minnesota","perc_noVehicles",0.4,0.8
"2","27053000102","Census Tract 1.02; Hennepin County; Minnesota","perc_noVehicles",6.1,4.2
"3","27053000300","Census Tract 3; Hennepin County; Minnesota","perc_noVehicles",4.4,3.7
"4","27053000601","Census Tract 6.01; Hennepin County; Minnesota","perc_noVehicles",4.2,3.4
"5","27053000603","Census Tract 6.03; Hennepin County; Minnesota","perc_noVehicles",0.4,0.7
"6","27053001100","Census Tract 11; Hennepin County; Minnesota","perc_noVehicles",3.6,4
"7","27053001700","Census Tract 17; Hennepin County; Minnesota","perc_noVehicles",6.2,6.7
"8","27053002200","Census Tract 22; Hennepin County; Minnesota","perc_noVehicles",7.7,8
"9","27053002400","Census Tract 24; Hennepin County; Minnesota","perc_noVehicles",3.6,2.7
"10","27053002700","Census Tract 27; Hennepin County; Minnesota","perc_noVehicles",8,4.9
"11","27053003200","Census Tract 32; Hennepin County; Minnesota","perc_noVehicles",9.3,9.7
"12","27053003300","Census Tract 33; Hennepin County; Minnesota","perc_noVehicles",4.7,6.4
"13","27053003801","Census Tract 38.01; Hennepin County; Minnesota","perc_noVehicles",29.6,17.2
"14","27053003802","Census Tract 38.02; Hennepin County; Minnesota","perc_noVehicles",29.6,14.8
"15","27053005901","Census Tract 59.01; Hennepin County; Minnesota","perc_noVehicles",27.5,10.6
"16","27053005902","Census Tract 59.02; Hennepin County; Minnesota","perc_noVehicles",12.7,8.3
"17","27053006800","Census Tract 68; Hennepin County; Minnesota","perc_noVehicles",20.7,7.8
"18","27053007700","Census Tract 77; Hennepin County; Minnesota","perc_noVehicles",6.8,4.6
"19","27053007801","Census Tract 78.01; Hennepin County; Minnesota","perc_noVehicles",10.5,7.7
"20","27053008100","Census Tract 81; Hennepin County; Minnesota","perc_noVehicles",9.9,5.5
"21","27053008200","Census Tract 82; Hennepin County; Minnesota","perc_noVehicles",12.2,5.8
"22","27053008300","Census Tract 83; Hennepin County; Minnesota","perc_noVehicles",4.6,5.2
"23","27053008400","Census Tract 84; Hennepin County; Minnesota","perc_noVehicles",8.1,9.7
"24","27053008500","Census Tract 85; Hennepin County; Minnesota","perc_noVehicles",0.4,0.8
"25","27053009500","Census Tract 95; Hennepin County; Minnesota","perc_noVehicles",5.2,5.1
"26","27053009600","Census Tract 96; Hennepin County; Minnesota","perc_noVehicles",5.4,5.2
"27","27053010600","Census Tract 106; Hennepin County; Minnesota","perc_noVehicles",0.4,0.6
"28","27053010700","Census Tract 107; Hennepin County; Minnesota","perc_noVehicles",0,1.4
"29","27053011000","Census Tract 110; Hennepin County; Minnesota","perc_noVehicles",0,0.9
"30","27053011703","Census Tract 117.03; Hennepin County; Minnesota","perc_noVehicles",0,0.9
"31","27053011704","Census Tract 117.04; Hennepin County; Minnesota","perc_noVehicles",0.5,0.8
"32","27053011800","Census Tract 118; Hennepin County; Minnesota","perc_noVehicles",0,0.7
"33","27053011998","Census Tract 119.98; Hennepin County; Minnesota","perc_noVehicles",0.9,1.5
"34","27053012001","Census Tract 120.01; Hennepin County; Minnesota","perc_noVehicles",0.6,1
"35","27053012003","Census Tract 120.03; Hennepin County; Minnesota","perc_noVehicles",4.2,4
"36","27053012101","Census Tract 121.01; Hennepin County; Minnesota","perc_noVehicles",4.7,6.5
"37","27053012102","Census Tract 121.02; Hennepin County; Minnesota","perc_noVehicles",0.8,1.2
"38","27053020101","Census Tract 201.01; Hennepin County; Minnesota","perc_noVehicles",1.9,1.8
"39","27053020102","Census Tract 201.02; Hennepin County; Minnesota","perc_noVehicles",0,2
"40","27053020201","Census Tract 202.01; Hennepin County; Minnesota","perc_noVehicles",2.2,3.6
"41","27053020202","Census Tract 202.02; Hennepin County; Minnesota","perc_noVehicles",4,4.4
"42","27053020301","Census Tract 203.01; Hennepin County; Minnesota","perc_noVehicles",5.5,5.8
"43","27053020302","Census Tract 203.02; Hennepin County; Minnesota","perc_noVehicles",10.8,8.7
"44","27053020303","Census Tract 203.03; Hennepin County; Minnesota","perc_noVehicles",0,1
"45","27053020304","Census Tract 203.04; Hennepin County; Minnesota","perc_noVehicles",8,10.7
"46","27053020400","Census Tract 204; Hennepin County; Minnesota","perc_noVehicles",3.1,3.4
"47","27053020500","Census Tract 205; Hennepin County; Minnesota","perc_noVehicles",0.4,0.7
"48","27053020600","Census Tract 206; Hennepin County; Minnesota","perc_noVehicles",0,2
"49","27053020700","Census Tract 207; Hennepin County; Minnesota","perc_noVehicles",0.3,0.5
"50","27053020801","Census Tract 208.01; Hennepin County; Minnesota","perc_noVehicles",1.7,1.5
"51","27053020804","Census Tract 208.04; Hennepin County; Minnesota","perc_noVehicles",4.1,5.8
"52","27053020902","Census Tract 209.02; Hennepin County; Minnesota","perc_noVehicles",0,1.4
"53","27053020903","Census Tract 209.03; Hennepin County; Minnesota","perc_noVehicles",0,1.1
"54","27053021001","Census Tract 210.01; Hennepin County; Minnesota","perc_noVehicles",0.2,0.5
"55","27053021002","Census Tract 210.02; Hennepin County; Minnesota","perc_noVehicles",2.6,3
"56","27053021100","Census Tract 211; Hennepin County; Minnesota","perc_noVehicles",3.5,3.2
"57","27053021200","Census Tract 212; Hennepin County; Minnesota","perc_noVehicles",1.6,1.8
"58","27053021300","Census Tract 213; Hennepin County; Minnesota","perc_noVehicles",6.8,7.1
"59","27053021400","Census Tract 214; Hennepin County; Minnesota","perc_noVehicles",1.9,2.2
"60","27053021501","Census Tract 215.01; Hennepin County; Minnesota","perc_noVehicles",3.5,3.7
"61","27053021502","Census Tract 215.02; Hennepin County; Minnesota","perc_noVehicles",4.7,4.3
"62","27053021503","Census Tract 215.03; Hennepin County; Minnesota","perc_noVehicles",3.8,4.3
"63","27053021504","Census Tract 215.04; Hennepin County; Minnesota","perc_noVehicles",0.3,0.6
"64","27053021505","Census Tract 215.05; Hennepin County; Minnesota","perc_noVehicles",2.4,2.1
"65","27053021601","Census Tract 216.01; Hennepin County; Minnesota","perc_noVehicles",1.9,1.6
"66","27053021602","Census Tract 216.02; Hennepin County; Minnesota","perc_noVehicles",0.6,0.9
"67","27053021700","Census Tract 217; Hennepin County; Minnesota","perc_noVehicles",0.6,1.1
"68","27053021800","Census Tract 218; Hennepin County; Minnesota","perc_noVehicles",1.2,1.9
"69","27053021900","Census Tract 219; Hennepin County; Minnesota","perc_noVehicles",3.1,3.1
"70","27053022000","Census Tract 220; Hennepin County; Minnesota","perc_noVehicles",0.9,1.1
"71","27053022101","Census Tract 221.01; Hennepin County; Minnesota","perc_noVehicles",2.9,2.3
"72","27053022102","Census Tract 221.02; Hennepin County; Minnesota","perc_noVehicles",2.3,3.3
"73","27053022200","Census Tract 222; Hennepin County; Minnesota","perc_noVehicles",1.4,2.2
"74","27053022301","Census Tract 223.01; Hennepin County; Minnesota","perc_noVehicles",0.8,1.3
"75","27053022302","Census Tract 223.02; Hennepin County; Minnesota","perc_noVehicles",8.6,9.5
"76","27053022400","Census Tract 224; Hennepin County; Minnesota","perc_noVehicles",2.3,2.1
"77","27053022700","Census Tract 227; Hennepin County; Minnesota","perc_noVehicles",1,1.7
"78","27053022801","Census Tract 228.01; Hennepin County; Minnesota","perc_noVehicles",0,1.8
"79","27053022802","Census Tract 228.02; Hennepin County; Minnesota","perc_noVehicles",2.1,2.4
"80","27053022901","Census Tract 229.01; Hennepin County; Minnesota","perc_noVehicles",2.3,1.8
"81","27053022902","Census Tract 229.02; Hennepin County; Minnesota","perc_noVehicles",0.3,0.5
"82","27053023000","Census Tract 230; Hennepin County; Minnesota","perc_noVehicles",0.5,0.8
"83","27053023100","Census Tract 231; Hennepin County; Minnesota","perc_noVehicles",0,2.2
"84","27053023201","Census Tract 232.01; Hennepin County; Minnesota","perc_noVehicles",1.3,2
"85","27053023202","Census Tract 232.02; Hennepin County; Minnesota","perc_noVehicles",2.4,2.5
"86","27053023300","Census Tract 233; Hennepin County; Minnesota","perc_noVehicles",4.8,3.4
"87","27053023401","Census Tract 234.01; Hennepin County; Minnesota","perc_noVehicles",4.2,3.7
"88","27053023402","Census Tract 234.02; Hennepin County; Minnesota","perc_noVehicles",14.5,15.8
"89","27053023501","Census Tract 235.01; Hennepin County; Minnesota","perc_noVehicles",0,1.1
"90","27053023502","Census Tract 235.02; Hennepin County; Minnesota","perc_noVehicles",1,1.7
"91","27053023600","Census Tract 236; Hennepin County; Minnesota","perc_noVehicles",0,1
"92","27053023700","Census Tract 237; Hennepin County; Minnesota","perc_noVehicles",0.3,0.6
"93","27053023801","Census Tract 238.01; Hennepin County; Minnesota","perc_noVehicles",0.8,1.2
"94","27053023802","Census Tract 238.02; Hennepin County; Minnesota","perc_noVehicles",0,1.2
"95","27053023901","Census Tract 239.01; Hennepin County; Minnesota","perc_noVehicles",0.5,0.8
"96","27053023902","Census Tract 239.02; Hennepin County; Minnesota","perc_noVehicles",0,2.4
"97","27053023903","Census Tract 239.03; Hennepin County; Minnesota","perc_noVehicles",0,1.4
"98","27053024003","Census Tract 240.03; Hennepin County; Minnesota","perc_noVehicles",7.2,6.9
"99","27053024004","Census Tract 240.04; Hennepin County; Minnesota","perc_noVehicles",1.2,2
"100","27053024005","Census Tract 240.05; Hennepin County; Minnesota","perc_noVehicles",2.5,2.6
"101","27053024006","Census Tract 240.06; Hennepin County; Minnesota","perc_noVehicles",1.2,1.9
"102","27053024100","Census Tract 241; Hennepin County; Minnesota","perc_noVehicles",2.9,2
"103","27053024200","Census Tract 242; Hennepin County; Minnesota","perc_noVehicles",0.9,1.3
"104","27053024300","Census Tract 243; Hennepin County; Minnesota","perc_noVehicles",10.5,5
"105","27053024400","Census Tract 244; Hennepin County; Minnesota","perc_noVehicles",3.3,2.5
"106","27053024500","Census Tract 245; Hennepin County; Minnesota","perc_noVehicles",0,1.6
"107","27053024600","Census Tract 246; Hennepin County; Minnesota","perc_noVehicles",4,3.2
"108","27053024700","Census Tract 247; Hennepin County; Minnesota","perc_noVehicles",1.4,1.4
"109","27053024801","Census Tract 248.01; Hennepin County; Minnesota","perc_noVehicles",8.6,8.8
"110","27053024802","Census Tract 248.02; Hennepin County; Minnesota","perc_noVehicles",9.2,7
"111","27053024903","Census Tract 249.03; Hennepin County; Minnesota","perc_noVehicles",5.2,5.9
"112","27053024904","Census Tract 249.04; Hennepin County; Minnesota","perc_noVehicles",0.9,1.1
"113","27053025100","Census Tract 251; Hennepin County; Minnesota","perc_noVehicles",7.4,4.9
"114","27053025201","Census Tract 252.01; Hennepin County; Minnesota","perc_noVehicles",6.9,5.8
"115","27053025205","Census Tract 252.05; Hennepin County; Minnesota","perc_noVehicles",0.7,0.9
"116","27053025301","Census Tract 253.01; Hennepin County; Minnesota","perc_noVehicles",2.4,2.1
"117","27053025302","Census Tract 253.02; Hennepin County; Minnesota","perc_noVehicles",6.6,5.6
"118","27053025401","Census Tract 254.01; Hennepin County; Minnesota","perc_noVehicles",1.3,2
"119","27053025403","Census Tract 254.03; Hennepin County; Minnesota","perc_noVehicles",4.5,3.3
"120","27053025601","Census Tract 256.01; Hennepin County; Minnesota","perc_noVehicles",0.8,1.1
"121","27053025603","Census Tract 256.03; Hennepin County; Minnesota","perc_noVehicles",1.1,1.3
"122","27053025605","Census Tract 256.05; Hennepin County; Minnesota","perc_noVehicles",0.8,0.9
"123","27053025702","Census Tract 257.02; Hennepin County; Minnesota","perc_noVehicles",4,3.2
"124","27053025703","Census Tract 257.03; Hennepin County; Minnesota","perc_noVehicles",0,1.6
"125","27053025704","Census Tract 257.04; Hennepin County; Minnesota","perc_noVehicles",1.2,1.3
"126","27053025801","Census Tract 258.01; Hennepin County; Minnesota","perc_noVehicles",6.1,6.3
"127","27053025802","Census Tract 258.02; Hennepin County; Minnesota","perc_noVehicles",0,1.6
"128","27053025803","Census Tract 258.03; Hennepin County; Minnesota","perc_noVehicles",0.1,0.3
"129","27053025805","Census Tract 258.05; Hennepin County; Minnesota","perc_noVehicles",0.8,1.2
"130","27053025905","Census Tract 259.05; Hennepin County; Minnesota","perc_noVehicles",4.1,4.2
"131","27053025906","Census Tract 259.06; Hennepin County; Minnesota","perc_noVehicles",3.4,4.2
"132","27053025907","Census Tract 259.07; Hennepin County; Minnesota","perc_noVehicles",2.3,3
"133","27053025908","Census Tract 259.08; Hennepin County; Minnesota","perc_noVehicles",0,0.9
"134","27053025909","Census Tract 259.09; Hennepin County; Minnesota","perc_noVehicles",0,1.2
"135","27053026005","Census Tract 260.05; Hennepin County; Minnesota","perc_noVehicles",0.6,1.2
"136","27053026006","Census Tract 260.06; Hennepin County; Minnesota","perc_noVehicles",0,1
"137","27053026007","Census Tract 260.07; Hennepin County; Minnesota","perc_noVehicles",5.4,3.9
"138","27053026013","Census Tract 260.13; Hennepin County; Minnesota","perc_noVehicles",2.5,2
"139","27053026014","Census Tract 260.14; Hennepin County; Minnesota","perc_noVehicles",0,0.8
"140","27053026015","Census Tract 260.15; Hennepin County; Minnesota","perc_noVehicles",0.4,0.7
"141","27053026019","Census Tract 260.19; Hennepin County; Minnesota","perc_noVehicles",3.5,3
"142","27053026020","Census Tract 260.20; Hennepin County; Minnesota","perc_noVehicles",0.7,1
"143","27053026021","Census Tract 260.21; Hennepin County; Minnesota","perc_noVehicles",0,1
"144","27053026023","Census Tract 260.23; Hennepin County; Minnesota","perc_noVehicles",0,0.9
"145","27053026024","Census Tract 260.24; Hennepin County; Minnesota","perc_noVehicles",0,1.1
"146","27053026025","Census Tract 260.25; Hennepin County; Minnesota","perc_noVehicles",0,1.5
"147","27053026026","Census Tract 260.26; Hennepin County; Minnesota","perc_noVehicles",2.6,3.9
"148","27053026027","Census Tract 260.27; Hennepin County; Minnesota","perc_noVehicles",0,0.9
"149","27053026028","Census Tract 260.28; Hennepin County; Minnesota","perc_noVehicles",0,1.1
"150","27053026101","Census Tract 261.01; Hennepin County; Minnesota","perc_noVehicles",0,1.1
"151","27053026103","Census Tract 261.03; Hennepin County; Minnesota","perc_noVehicles",3.9,5
"152","27053026104","Census Tract 261.04; Hennepin County; Minnesota","perc_noVehicles",0,0.7
"153","27053026201","Census Tract 262.01; Hennepin County; Minnesota","perc_noVehicles",0,1
"154","27053026202","Census Tract 262.02; Hennepin County; Minnesota","perc_noVehicles",2.5,2
"155","27053026205","Census Tract 262.05; Hennepin County; Minnesota","perc_noVehicles",0,1.3
"156","27053026206","Census Tract 262.06; Hennepin County; Minnesota","perc_noVehicles",0,1.4
"157","27053026207","Census Tract 262.07; Hennepin County; Minnesota","perc_noVehicles",3.5,3.3
"158","27053026208","Census Tract 262.08; Hennepin County; Minnesota","perc_noVehicles",0.7,1.2
"159","27053026301","Census Tract 263.01; Hennepin County; Minnesota","perc_noVehicles",1,1.5
"160","27053026302","Census Tract 263.02; Hennepin County; Minnesota","perc_noVehicles",0,1.1
"161","27053026403","Census Tract 264.03; Hennepin County; Minnesota","perc_noVehicles",4,5.5
"162","27053026404","Census Tract 264.04; Hennepin County; Minnesota","perc_noVehicles",1,1.2
"163","27053026405","Census Tract 264.05; Hennepin County; Minnesota","perc_noVehicles",1,1.7
"164","27053026406","Census Tract 264.06; Hennepin County; Minnesota","perc_noVehicles",1.7,2.1
"165","27053026505","Census Tract 265.05; Hennepin County; Minnesota","perc_noVehicles",3.6,3.7
"166","27053026507","Census Tract 265.07; Hennepin County; Minnesota","perc_noVehicles",2.5,2.3
"167","27053026508","Census Tract 265.08; Hennepin County; Minnesota","perc_noVehicles",0,0.7
"168","27053026509","Census Tract 265.09; Hennepin County; Minnesota","perc_noVehicles",0.4,0.5
"169","27053026510","Census Tract 265.10; Hennepin County; Minnesota","perc_noVehicles",2.1,2.1
"170","27053026511","Census Tract 265.11; Hennepin County; Minnesota","perc_noVehicles",4.3,3.7
"171","27053026514","Census Tract 265.14; Hennepin County; Minnesota","perc_noVehicles",0,0.7
"172","27053026515","Census Tract 265.15; Hennepin County; Minnesota","perc_noVehicles",2.3,3.6
"173","27053026516","Census Tract 265.16; Hennepin County; Minnesota","perc_noVehicles",0.4,0.5
"174","27053026605","Census Tract 266.05; Hennepin County; Minnesota","perc_noVehicles",0,1
"175","27053026606","Census Tract 266.06; Hennepin County; Minnesota","perc_noVehicles",2.1,2.2
"176","27053026609","Census Tract 266.09; Hennepin County; Minnesota","perc_noVehicles",0,1.3
"177","27053026610","Census Tract 266.10; Hennepin County; Minnesota","perc_noVehicles",0,1
"178","27053026611","Census Tract 266.11; Hennepin County; Minnesota","perc_noVehicles",2,3
"179","27053026614","Census Tract 266.14; Hennepin County; Minnesota","perc_noVehicles",0,1.1
"180","27053026615","Census Tract 266.15; Hennepin County; Minnesota","perc_noVehicles",0,0.4
"181","27053026616","Census Tract 266.16; Hennepin County; Minnesota","perc_noVehicles",0.5,0.9
"182","27053026617","Census Tract 266.17; Hennepin County; Minnesota","perc_noVehicles",0,2.4
"183","27053026702","Census Tract 267.02; Hennepin County; Minnesota","perc_noVehicles",1.3,1.2
"184","27053026706","Census Tract 267.06; Hennepin County; Minnesota","perc_noVehicles",0.6,0.9
"185","27053026707","Census Tract 267.07; Hennepin County; Minnesota","perc_noVehicles",0,0.7
"186","27053026708","Census Tract 267.08; Hennepin County; Minnesota","perc_noVehicles",1.3,1.9
"187","27053026711","Census Tract 267.11; Hennepin County; Minnesota","perc_noVehicles",0.7,1.1
"188","27053026712","Census Tract 267.12; Hennepin County; Minnesota","perc_noVehicles",0,1
"189","27053026713","Census Tract 267.13; Hennepin County; Minnesota","perc_noVehicles",0,0.7
"190","27053026717","Census Tract 267.17; Hennepin County; Minnesota","perc_noVehicles",0,0.6
"191","27053026718","Census Tract 267.18; Hennepin County; Minnesota","perc_noVehicles",1.1,1.9
"192","27053026719","Census Tract 267.19; Hennepin County; Minnesota","perc_noVehicles",0,0.6
"193","27053026720","Census Tract 267.20; Hennepin County; Minnesota","perc_noVehicles",0,0.7
"194","27053026721","Census Tract 267.21; Hennepin County; Minnesota","perc_noVehicles",0,1.4
"195","27053026722","Census Tract 267.22; Hennepin County; Minnesota","perc_noVehicles",0.5,0.9
"196","27053026723","Census Tract 267.23; Hennepin County; Minnesota","perc_noVehicles",0,1
"197","27053026724","Census Tract 267.24; Hennepin County; Minnesota","perc_noVehicles",0,0.8
"198","27053026725","Census Tract 267.25; Hennepin County; Minnesota","perc_noVehicles",2.2,3.5
"199","27053026726","Census Tract 267.26; Hennepin County; Minnesota","perc_noVehicles",0,0.8
"200","27053026807","Census Tract 268.07; Hennepin County; Minnesota","perc_noVehicles",2.4,3.8
"201","27053026809","Census Tract 268.09; Hennepin County; Minnesota","perc_noVehicles",15.4,12.2
"202","27053026811","Census Tract 268.11; Hennepin County; Minnesota","perc_noVehicles",1.8,2.3
"203","27053026812","Census Tract 268.12; Hennepin County; Minnesota","perc_noVehicles",2.4,3.3
"204","27053026814","Census Tract 268.14; Hennepin County; Minnesota","perc_noVehicles",2.6,2.8
"205","27053026815","Census Tract 268.15; Hennepin County; Minnesota","perc_noVehicles",2,1.9
"206","27053026816","Census Tract 268.16; Hennepin County; Minnesota","perc_noVehicles",0.7,1.3
"207","27053026818","Census Tract 268.18; Hennepin County; Minnesota","perc_noVehicles",3.9,4.2
"208","27053026819","Census Tract 268.19; Hennepin County; Minnesota","perc_noVehicles",23,9.4
"209","27053026822","Census Tract 268.22; Hennepin County; Minnesota","perc_noVehicles",0,0.8
"210","27053026823","Census Tract 268.23; Hennepin County; Minnesota","perc_noVehicles",0,0.7
"211","27053026824","Census Tract 268.24; Hennepin County; Minnesota","perc_noVehicles",3,3.9
"212","27053026825","Census Tract 268.25; Hennepin County; Minnesota","perc_noVehicles",0,1.1
"213","27053026826","Census Tract 268.26; Hennepin County; Minnesota","perc_noVehicles",3.6,5.5
"214","27053026827","Census Tract 268.27; Hennepin County; Minnesota","perc_noVehicles",1.2,2.2
"215","27053026828","Census Tract 268.28; Hennepin County; Minnesota","perc_noVehicles",3.6,4.1
"216","27053026903","Census Tract 269.03; Hennepin County; Minnesota","perc_noVehicles",0,0.8
"217","27053026906","Census Tract 269.06; Hennepin County; Minnesota","perc_noVehicles",0,0.5
"218","27053026907","Census Tract 269.07; Hennepin County; Minnesota","perc_noVehicles",0,0.6
"219","27053026908","Census Tract 269.08; Hennepin County; Minnesota","perc_noVehicles",6.9,4.3
"220","27053026910","Census Tract 269.10; Hennepin County; Minnesota","perc_noVehicles",1.6,2.3
"221","27053026911","Census Tract 269.11; Hennepin County; Minnesota","perc_noVehicles",1.8,2.3
"222","27053026912","Census Tract 269.12; Hennepin County; Minnesota","perc_noVehicles",0.6,1.1
"223","27053027001","Census Tract 270.01; Hennepin County; Minnesota","perc_noVehicles",0.3,0.4
"224","27053027002","Census Tract 270.02; Hennepin County; Minnesota","perc_noVehicles",2.9,2.7
"225","27053027101","Census Tract 271.01; Hennepin County; Minnesota","perc_noVehicles",1.2,1.9
"226","27053027102","Census Tract 271.02; Hennepin County; Minnesota","perc_noVehicles",1.7,1.7
"227","27053027202","Census Tract 272.02; Hennepin County; Minnesota","perc_noVehicles",0.5,0.6
"228","27053027203","Census Tract 272.03; Hennepin County; Minnesota","perc_noVehicles",0.5,0.7
"229","27053027204","Census Tract 272.04; Hennepin County; Minnesota","perc_noVehicles",0,1.1
"230","27053027205","Census Tract 272.05; Hennepin County; Minnesota","perc_noVehicles",0,1.3
"231","27053027300","Census Tract 273; Hennepin County; Minnesota","perc_noVehicles",3.6,2.9
"232","27053027400","Census Tract 274; Hennepin County; Minnesota","perc_noVehicles",0.4,0.8
"233","27053027501","Census Tract 275.01; Hennepin County; Minnesota","perc_noVehicles",1.2,1
"234","27053027503","Census Tract 275.03; Hennepin County; Minnesota","perc_noVehicles",0.5,0.9
"235","27053027504","Census Tract 275.04; Hennepin County; Minnesota","perc_noVehicles",1,1.7
"236","27053027601","Census Tract 276.01; Hennepin County; Minnesota","perc_noVehicles",4.8,4.4
"237","27053027602","Census Tract 276.02; Hennepin County; Minnesota","perc_noVehicles",2.1,2.8
"238","27053027701","Census Tract 277.01; Hennepin County; Minnesota","perc_noVehicles",0.9,1.5
"239","27053027702","Census Tract 277.02; Hennepin County; Minnesota","perc_noVehicles",0,1.8
"240","27053027703","Census Tract 277.03; Hennepin County; Minnesota","perc_noVehicles",0,0.9
"241","27053100200","Census Tract 1002; Hennepin County; Minnesota","perc_noVehicles",1.3,2
"242","27053100400","Census Tract 1004; Hennepin County; Minnesota","perc_noVehicles",5.5,3.8
"243","27053100500","Census Tract 1005; Hennepin County; Minnesota","perc_noVehicles",1.4,2.2
"244","27053100700","Census Tract 1007; Hennepin County; Minnesota","perc_noVehicles",1.8,2.6
"245","27053100800","Census Tract 1008; Hennepin County; Minnesota","perc_noVehicles",4,4.3
"246","27053100900","Census Tract 1009; Hennepin County; Minnesota","perc_noVehicles",17.4,13.5
"247","27053101200","Census Tract 1012; Hennepin County; Minnesota","perc_noVehicles",2.8,3.2
"248","27053101300","Census Tract 1013; Hennepin County; Minnesota","perc_noVehicles",10.7,7.7
"249","27053101600","Census Tract 1016; Hennepin County; Minnesota","perc_noVehicles",13.9,9.1
"250","27053101800","Census Tract 1018; Hennepin County; Minnesota","perc_noVehicles",4.3,4.9
"251","27053101900","Census Tract 1019; Hennepin County; Minnesota","perc_noVehicles",1.6,1.9
"252","27053102000","Census Tract 1020; Hennepin County; Minnesota","perc_noVehicles",4.3,4.6
"253","27053102100","Census Tract 1021; Hennepin County; Minnesota","perc_noVehicles",19.2,11.8
"254","27053102500","Census Tract 1025; Hennepin County; Minnesota","perc_noVehicles",11,9.5
"255","27053102600","Census Tract 1026; Hennepin County; Minnesota","perc_noVehicles",8.1,8.6
"256","27053102800","Census Tract 1028; Hennepin County; Minnesota","perc_noVehicles",12.1,7.5
"257","27053103000","Census Tract 1030; Hennepin County; Minnesota","perc_noVehicles",1.5,1.7
"258","27053103100","Census Tract 1031; Hennepin County; Minnesota","perc_noVehicles",1.7,1.9
"259","27053103400","Census Tract 1034; Hennepin County; Minnesota","perc_noVehicles",10.2,8.7
"260","27053103600","Census Tract 1036; Hennepin County; Minnesota","perc_noVehicles",3.3,2.3
"261","27053103700","Census Tract 1037; Hennepin County; Minnesota","perc_noVehicles",6.5,2.5
"262","27053103900","Census Tract 1039; Hennepin County; Minnesota","perc_noVehicles",26.6,8.1
"263","27053104001","Census Tract 1040.01; Hennepin County; Minnesota","perc_noVehicles",9,5.7
"264","27053104002","Census Tract 1040.02; Hennepin County; Minnesota","perc_noVehicles",2.2,2.5
"265","27053104100","Census Tract 1041; Hennepin County; Minnesota","perc_noVehicles",3.2,3.2
"266","27053104400","Census Tract 1044; Hennepin County; Minnesota","perc_noVehicles",29.2,8.4
"267","27053104801","Census Tract 1048.01; Hennepin County; Minnesota","perc_noVehicles",17.7,14.9
"268","27053104802","Census Tract 1048.02; Hennepin County; Minnesota","perc_noVehicles",19.5,10.8
"269","27053104901","Census Tract 1049.01; Hennepin County; Minnesota","perc_noVehicles",44.2,25.4
"270","27053104902","Census Tract 1049.02; Hennepin County; Minnesota","perc_noVehicles",26.4,9.5
"271","27053105100","Census Tract 1051; Hennepin County; Minnesota","perc_noVehicles",0,1.2
"272","27053105201","Census Tract 1052.01; Hennepin County; Minnesota","perc_noVehicles",14.8,7.9
"273","27053105204","Census Tract 1052.04; Hennepin County; Minnesota","perc_noVehicles",31.8,11.5
"274","27053105400","Census Tract 1054; Hennepin County; Minnesota","perc_noVehicles",13.3,6.2
"275","27053105500","Census Tract 1055; Hennepin County; Minnesota","perc_noVehicles",5.8,3.6
"276","27053105600","Census Tract 1056; Hennepin County; Minnesota","perc_noVehicles",23.9,8
"277","27053105700","Census Tract 1057; Hennepin County; Minnesota","perc_noVehicles",29.4,11.9
"278","27053106000","Census Tract 1060; Hennepin County; Minnesota","perc_noVehicles",19,12
"279","27053106200","Census Tract 1062; Hennepin County; Minnesota","perc_noVehicles",16.9,8.1
"280","27053106400","Census Tract 1064; Hennepin County; Minnesota","perc_noVehicles",8.8,5.5
"281","27053106500","Census Tract 1065; Hennepin County; Minnesota","perc_noVehicles",3,3.4
"282","27053106600","Census Tract 1066; Hennepin County; Minnesota","perc_noVehicles",9,5.7
"283","27053106700","Census Tract 1067; Hennepin County; Minnesota","perc_noVehicles",19.4,6.7
"284","27053106900","Census Tract 1069; Hennepin County; Minnesota","perc_noVehicles",27.1,13.7
"285","27053107000","Census Tract 1070; Hennepin County; Minnesota","perc_noVehicles",8.2,6.6
"286","27053107400","Census Tract 1074; Hennepin County; Minnesota","perc_noVehicles",13,8.7
"287","27053107500","Census Tract 1075; Hennepin County; Minnesota","perc_noVehicles",1.9,1.8
"288","27053107600","Census Tract 1076; Hennepin County; Minnesota","perc_noVehicles",0.9,1
"289","27053108000","Census Tract 1080; Hennepin County; Minnesota","perc_noVehicles",4.5,3
"290","27053108600","Census Tract 1086; Hennepin County; Minnesota","perc_noVehicles",8.6,5.4
"291","27053108700","Census Tract 1087; Hennepin County; Minnesota","perc_noVehicles",13.9,9.5
"292","27053108800","Census Tract 1088; Hennepin County; Minnesota","perc_noVehicles",6.1,5.1
"293","27053108900","Census Tract 1089; Hennepin County; Minnesota","perc_noVehicles",0.6,0.8
"294","27053109000","Census Tract 1090; Hennepin County; Minnesota","perc_noVehicles",0.6,0.8
"295","27053109100","Census Tract 1091; Hennepin County; Minnesota","perc_noVehicles",2.5,1.7
"296","27053109200","Census Tract 1092; Hennepin County; Minnesota","perc_noVehicles",5.2,3.6
"297","27053109300","Census Tract 1093; Hennepin County; Minnesota","perc_noVehicles",5.2,3.1
"298","27053109400","Census Tract 1094; Hennepin County; Minnesota","perc_noVehicles",5,3.6
"299","27053109700","Census Tract 1097; Hennepin County; Minnesota","perc_noVehicles",2.2,2.1
"300","27053109800","Census Tract 1098; Hennepin County; Minnesota","perc_noVehicles",0,0.8
"301","27053109900","Census Tract 1099; Hennepin County; Minnesota","perc_noVehicles",1.6,2
"302","27053110000","Census Tract 1100; Hennepin County; Minnesota","perc_noVehicles",1.5,2.6
"303","27053110100","Census Tract 1101; Hennepin County; Minnesota","perc_noVehicles",2.3,2.4
"304","27053110200","Census Tract 1102; Hennepin County; Minnesota","perc_noVehicles",1.2,1.7
"305","27053110400","Census Tract 1104; Hennepin County; Minnesota","perc_noVehicles",6.4,4
"306","27053110500","Census Tract 1105; Hennepin County; Minnesota","perc_noVehicles",1.8,1.7
"307","27053110800","Census Tract 1108; Hennepin County; Minnesota","perc_noVehicles",1.7,1.6
"308","27053110900","Census Tract 1109; Hennepin County; Minnesota","perc_noVehicles",4,2.8
"309","27053111100","Census Tract 1111; Hennepin County; Minnesota","perc_noVehicles",5.7,4.9
"310","27053111200","Census Tract 1112; Hennepin County; Minnesota","perc_noVehicles",0.6,0.9
"311","27053111300","Census Tract 1113; Hennepin County; Minnesota","perc_noVehicles",0.7,1.2
"312","27053111400","Census Tract 1114; Hennepin County; Minnesota","perc_noVehicles",1.1,1.7
"313","27053111500","Census Tract 1115; Hennepin County; Minnesota","perc_noVehicles",1.2,1.4
"314","27053111600","Census Tract 1116; Hennepin County; Minnesota","perc_noVehicles",0.7,1
"315","27053122500","Census Tract 1225; Hennepin County; Minnesota","perc_noVehicles",0.3,0.6
"316","27053122600","Census Tract 1226; Hennepin County; Minnesota","perc_noVehicles",2.7,2.9
"317","27053125500","Census Tract 1255; Hennepin County; Minnesota","perc_noVehicles",9.4,5.6
"318","27053125600","Census Tract 1256; Hennepin County; Minnesota","perc_noVehicles",13.4,6.4
"319","27053125700","Census Tract 1257; Hennepin County; Minnesota","perc_noVehicles",6.7,4.9
"320","27053125800","Census Tract 1258; Hennepin County; Minnesota","perc_noVehicles",6.1,4.3
"321","27053125900","Census Tract 1259; Hennepin County; Minnesota","perc_noVehicles",12.5,7.4
"322","27053126000","Census Tract 1260; Hennepin County; Minnesota","perc_noVehicles",10.9,8.1
"323","27053126101","Census Tract 1261.01; Hennepin County; Minnesota","perc_noVehicles",15.4,8.7
"324","27053126102","Census Tract 1261.02; Hennepin County; Minnesota","perc_noVehicles",12.4,4.8
"325","27053126201","Census Tract 1262.01; Hennepin County; Minnesota","perc_noVehicles",10.5,10.3
"326","27053126202","Census Tract 1262.02; Hennepin County; Minnesota","perc_noVehicles",4.6,2.7
"327","27053126300","Census Tract 1263; Hennepin County; Minnesota","perc_noVehicles",8.8,5.8
"328","27053980000","Census Tract 9800; Hennepin County; Minnesota","perc_noVehicles",NA,NA
"329","27053980100","Census Tract 9801; Hennepin County; Minnesota","perc_noVehicles",37.4,33.3
